,Time,365KBVZT101,Rolling_Mean_2H,Value_12hr_ago,ROC_12H
0,2025-01-07 13:57:00,24.35087967,24.35087967,,
1,2025-01-07 14:01:00,23.9407177,24.145798685000003,,
2,2025-01-07 14:05:00,23.9407177,24.077438356666665,,
3,2025-01-07 14:07:00,23.63309669,23.96635294,,
4,2025-01-07 14:11:00,25.47882652,24.268847656,,
5,2025-01-07 14:15:00,25.47882652,24.4705108,,
6,2025-01-07 14:21:00,24.35087967,24.45342063857143,,
7,2025-01-07 14:25:00,24.35087967,24.4406030175,,
8,2025-01-07 14:27:00,23.9407177,24.385060204444446,,
9,2025-01-07 14:31:00,23.9407177,24.340625954,,
10,2025-01-07 14:35:00,27.32455826,24.61189252727273,,
11,2025-01-07 14:37:00,31.7338047,25.205385208333336,,
12,2025-01-07 14:41:00,32.86175156,25.794336466153847,,
13,2025-01-07 14:51:00,34.29732132,26.40169252714286,,
14,2025-01-07 14:53:00,35.42526627,27.00326411,,
15,2025-01-07 14:55:00,33.57953644,27.414281130625,,
16,2025-01-07 14:57:00,37.98878479,28.03631075764706,,
17,2025-01-07 15:01:00,34.29732132,28.384144677777776,,
18,2025-01-07 15:03:00,33.57953644,28.657586349473682,,
19,2025-01-07 15:05:00,35.11764526,28.980589294999998,,
20,2025-01-07 15:07:00,32.86175156,29.165406545714283,,
21,2025-01-07 15:11:00,32.45159149,29.314778588636365,,
22,2025-01-07 15:15:00,34.7074852,29.54924409347826,,
23,2025-01-07 15:17:00,32.14396667,29.657357534166668,,
24,2025-01-07 15:21:00,35.42526627,29.8880738836,,
25,2025-01-07 15:25:00,37.27099991,30.172032576923076,,
26,2025-01-07 15:27:00,40.65483856,30.56028465037037,,
27,2025-01-07 15:31:00,34.29732132,30.693750245714284,,
28,2025-01-07 15:35:00,32.45159149,30.75436546103448,,
29,2025-01-07 15:37:00,33.98970032,30.862209956333334,,
30,2025-01-07 15:39:00,33.57953644,30.949865649354837,,
31,2025-01-07 15:41:00,33.98970032,31.0448604828125,,
32,2025-01-07 15:45:00,37.27099991,31.233531374545457,,
33,2025-01-07 15:47:00,40.2446785,31.498565113529413,,
34,2025-01-07 15:51:00,38.39894485,31.695718820285713,,
35,2025-01-07 15:55:00,37.98878479,31.87052620833333,,
36,2025-01-07 15:57:00,37.27099991,32.22941843722222,,
37,2025-01-07 16:01:00,31.7338047,32.445893076111105,,
38,2025-01-07 16:05:00,33.98970032,32.72503148222223,,
39,2025-01-07 16:07:00,38.39894485,33.13519393111111,,
40,2025-01-07 16:11:00,38.80910873,33.505479548055554,,
41,2025-01-07 16:15:00,39.11672974,33.884310193055555,,
42,2025-01-07 16:17:00,35.83543015,33.93704316486487,,
43,2025-01-07 16:21:00,29.88807487,34.086697089189194,,
44,2025-01-07 16:25:00,31.7338047,34.28623560351351,,
45,2025-01-07 16:27:00,28.76012802,34.416489936486485,,
46,2025-01-07 16:31:00,30.60585785,34.59662885945946,,
47,2025-01-07 16:35:00,31.7338047,34.71579768216216,,
48,2025-01-07 16:37:00,35.42526627,34.81556691378379,,
49,2025-01-07 16:41:00,37.27099991,34.93473578810811,,
50,2025-01-07 16:45:00,37.98878479,35.015105498684214,,
51,2025-01-07 16:51:00,38.39894485,35.12304296,,
52,2025-01-07 16:55:00,35.42526627,35.164759352432434,,
53,2025-01-07 16:57:00,35.11764526,35.08716098675676,,
54,2025-01-07 17:05:00,27.63218117,34.93893241885714,,
55,2025-01-07 17:07:00,27.63218117,34.789516122,,
56,2025-01-07 17:11:00,28.34996414,34.672326769142856,,
57,2025-01-07 17:15:00,28.04234314,34.48189413885714,,
58,2025-01-07 17:17:00,27.63218117,34.35298598171429,,
59,2025-01-07 17:21:00,27.63218117,34.13032640742857,,
60,2025-01-07 17:25:00,25.47882652,33.793407167714285,,
61,2025-01-07 17:27:00,26.91439629,33.400823102857146,,
62,2025-01-07 17:31:00,26.1966114,33.169374248,,
63,2025-01-07 17:35:00,26.91439629,33.01116867085714,,
64,2025-01-07 17:37:00,28.04234314,32.84124418,,
65,2025-01-07 17:41:00,27.63218117,32.632543844411764,,
66,2025-01-07 17:43:00,29.477911,32.54241147742857,,
67,2025-01-07 17:45:00,27.63218117,32.26701665628571,,
68,2025-01-07 17:47:00,28.04234314,31.918378503142854,,
69,2025-01-07 17:53:00,31.32364273,31.716227014,,
70,2025-01-07 17:55:00,29.88807487,31.484778159142856,,
71,2025-01-07 17:57:00,30.60585785,31.294345528857146,,
72,2025-01-07 18:01:00,32.45159149,31.314853722857144,,
73,2025-01-07 18:05:00,31.32364273,31.238680648857137,,
74,2025-01-07 18:07:00,30.60585785,31.016021020285717,,
75,2025-01-07 18:11:00,31.7338047,30.813869476571433,,
76,2025-01-07 18:13:00,32.45159149,30.859361754722222,,
77,2025-01-07 18:15:00,31.7338047,30.654280503611112,,
78,2025-01-07 18:17:00,32.45159149,30.56028498527778,,
79,2025-01-07 18:21:00,32.14396667,30.62294864638889,,
80,2025-01-07 18:26:00,29.88807487,30.571678373333334,,
81,2025-01-07 18:27:00,29.477911,30.59161678944444,,
82,2025-01-07 18:29:00,32.14396667,30.633572191621617,,
83,2025-01-07 18:35:00,33.57953644,30.685612360555556,,
84,2025-01-07 18:37:00,32.86175156,30.614403618611107,,
85,2025-01-07 18:39:00,32.86175156,30.675142752162163,,
86,2025-01-07 18:41:00,30.60585785,30.495003777567565,,
87,2025-01-07 18:45:00,31.7338047,30.32595026162162,,
88,2025-01-07 18:47:00,31.7338047,30.36299906263158,,
89,2025-01-07 18:51:00,34.7074852,30.26585538763158,,
90,2025-01-07 18:55:00,34.29732132,30.23617262578947,,
91,2025-01-07 18:57:00,34.29732132,30.214585153684208,,
92,2025-01-07 19:01:00,35.11764526,30.340304643589743,,
93,2025-01-07 19:05:00,32.86175156,30.47439619205128,,
94,2025-01-07 19:07:00,32.45159149,30.597970815641027,,
95,2025-01-07 19:11:00,32.45159149,30.703140747692306,,
96,2025-01-07 19:15:00,29.88807487,30.75046720230769,,
97,2025-01-07 19:17:00,30.60585785,30.82671532230769,,
98,2025-01-07 19:21:00,29.17028999,30.86615401,,
99,2025-01-07 19:25:00,28.34996414,30.939772923333333,,
100,2025-01-07 19:27:00,28.04234314,30.9686946374359,,
101,2025-01-07 19:32:00,29.477911,31.052830524615384,,
102,2025-01-07 19:36:00,31.01602173,31.15800040769231,,
103,2025-01-07 19:38:00,29.477911,31.194809839999998,,
104,2025-01-07 19:40:00,28.34996414,31.123688697499993,,
105,2025-01-07 19:42:00,29.88807487,31.18008604,,
106,2025-01-07 19:44:00,29.477911,31.18008604,,
107,2025-01-07 19:46:00,29.477911,31.226229285749998,,
108,2025-01-07 19:48:00,31.32364273,31.3082617755,,
109,2025-01-07 19:50:00,32.14396667,31.328644821707318,,
110,2025-01-07 19:52:00,29.88807487,31.29434553714286,,
111,2025-01-07 19:56:00,29.88807487,31.29363097146341,,
112,2025-01-07 19:58:00,28.04234314,31.23110622243902,,
113,2025-01-07 20:00:00,34.29732132,31.304111343809524,,
114,2025-01-07 20:02:00,37.27099991,31.41885916333333,,
115,2025-01-07 20:06:00,36.55321503,31.54337278952381,,
116,2025-01-07 20:08:00,30.29823685,31.536048479999998,,
117,2025-01-07 20:10:00,29.477911,31.488184817674416,,
118,2025-01-07 20:12:00,29.88807487,31.44526086813953,,
119,2025-01-07 20:16:00,36.14305115,31.52628267357143,,
120,2025-01-07 20:18:00,31.7338047,31.509192511904764,,
121,2025-01-07 20:20:00,31.32364273,31.504877400697673,,
122,2025-01-07 20:24:00,32.14396667,31.504877400697673,,
123,2025-01-07 20:26:00,37.27099991,31.676573331860467,,
124,2025-01-07 20:28:00,39.83451462,31.91742457883721,,
125,2025-01-07 20:30:00,38.39894485,32.06288918767442,,
126,2025-01-07 20:32:00,39.52689362,32.23252565204546,,
127,2025-01-07 20:34:00,37.98878479,32.36044252177778,,
128,2025-01-07 20:36:00,36.55321503,32.426524268222224,,
129,2025-01-07 20:40:00,36.55321503,32.50052963590909,,
130,2025-01-07 20:44:00,34.29732132,32.584426532954545,,
131,2025-01-07 20:46:00,36.55321503,32.69395858590909,,
132,2025-01-07 20:48:00,40.96246338,32.90370082863636,,
133,2025-01-07 20:50:00,39.11672974,33.04176813777777,,
134,2025-01-07 20:52:00,38.39894485,33.123800574444445,,
135,2025-01-07 20:54:00,37.27099991,33.21395708173913,,
136,2025-01-07 20:56:00,39.83451462,33.33433084913043,,
137,2025-01-07 20:58:00,41.37262344,33.48814176478261,,
138,2025-01-07 21:00:00,37.98878479,33.58390012702127,,
139,2025-01-07 21:02:00,31.7338047,33.5119035193617,,
140,2025-01-07 21:06:00,26.91439629,33.385364045531915,,
141,2025-01-07 21:08:00,25.47882652,33.23700734404255,,
142,2025-01-07 21:12:00,25.47882652,33.08865064255319,,
143,2025-01-07 21:16:00,34.29732132,33.18246439680851,,
144,2025-01-07 21:18:00,40.96246338,33.402817705957446,,
145,2025-01-07 21:20:00,38.39894485,33.506903688125,,
146,2025-01-07 21:22:00,34.7074852,33.62226192166667,,
147,2025-01-07 21:24:00,33.98970032,33.6297606644898,,
148,2025-01-07 21:26:00,30.29823685,33.669521332040816,,
149,2025-01-07 21:28:00,27.32455826,33.65487266102041,,
150,2025-01-07 21:30:00,27.32455826,33.528266373,,
151,2025-01-07 21:32:00,26.50423431,33.4687928392,,
152,2025-01-07 21:36:00,26.1966114,33.372404632599995,,
153,2025-01-07 21:38:00,25.78644943,33.2985754012,,
154,2025-01-07 21:40:00,27.32455826,33.2780672836,,
155,2025-01-07 21:42:00,28.34996414,33.247305069,,
156,2025-01-07 21:44:00,28.76012802,33.2329494094,,
157,2025-01-07 21:46:00,31.32364273,33.269864044,,
158,2025-01-07 21:48:00,32.86175156,33.3006262206,,
159,2025-01-07 21:50:00,33.98970032,33.3375408936,,
160,2025-01-07 21:52:00,32.45159149,33.388811226,,
161,2025-01-07 21:56:00,29.17028999,33.3744555284,,
162,2025-01-07 21:58:00,28.76012802,33.388811226,,
163,2025-01-07 22:00:00,27.32455826,33.2493559648,,
164,2025-01-07 22:02:00,26.91439629,33.0422238924,,
165,2025-01-07 22:06:00,28.04234314,32.8720064546,,
166,2025-01-07 22:08:00,31.32364273,32.8925145722,,
167,2025-01-07 22:10:00,31.32364273,32.9294292068,,
168,2025-01-07 22:12:00,30.29823685,32.937632446399995,,
169,2025-01-07 22:16:00,30.29823685,32.820736160399996,,
170,2025-01-07 22:18:00,29.477911,32.7756182864,,
171,2025-01-07 22:20:00,29.477911,32.7387036518,,
172,2025-01-07 22:22:00,29.88807487,32.68280896980392,,
173,2025-01-07 22:26:00,30.60585785,32.5602829746,,
174,2025-01-07 22:28:00,27.32455826,32.3100838474,,
175,2025-01-07 22:30:00,28.04234314,32.1029518132,,
176,2025-01-07 22:32:00,26.91439629,31.850701866599998,,
177,2025-01-07 22:36:00,27.32455826,31.53709493408163,,
178,2025-01-07 22:37:00,27.63218117,31.458996658799997,,
179,2025-01-07 22:41:00,27.63218117,31.2805759816,,
180,2025-01-07 22:45:00,30.29823685,31.200594292199998,,
181,2025-01-07 22:47:00,32.45159149,31.1185618214,,
182,2025-01-07 22:51:00,33.57953644,30.80466192632653,,
183,2025-01-07 22:55:00,33.98970032,30.578087290624996,,
184,2025-01-07 22:57:00,34.29732132,30.462729096874998,,
185,2025-01-07 23:01:00,31.7338047,30.09751900255319,,
186,2025-01-07 23:05:00,32.45159149,30.112791061914894,,
187,2025-01-07 23:07:00,31.7338047,30.215331666382973,,
188,2025-01-07 23:11:00,32.45159149,30.36368836787234,,
189,2025-01-07 23:15:00,27.32455826,30.402959255957445,,
190,2025-01-07 23:17:00,26.1966114,30.230603725744675,,
191,2025-01-07 23:21:00,26.91439629,29.747638329782607,,
192,2025-01-07 23:23:00,27.63218117,29.593827372608693,,
193,2025-01-07 23:25:00,26.1966114,29.424412396086954,,
194,2025-01-07 23:27:00,23.63309669,29.27951804478261,,
195,2025-01-07 23:31:00,25.06866455,29.27283062422222,,
196,2025-01-07 23:35:00,27.63218117,29.29789611,,
197,2025-01-07 23:37:00,27.63218117,29.329797660444445,,
198,2025-01-07 23:45:00,28.04234314,29.46814614309524,,
199,2025-01-07 23:47:00,30.60585785,29.451056026904762,,
200,2025-01-07 23:51:00,30.29823685,29.277832636585366,,
201,2025-01-07 23:55:00,33.57953644,29.305343489024388,,
202,2025-01-07 23:57:00,32.14396667,29.377872188536585,,
203,2025-02-07 00:01:00,31.32364273,31.32364273,,
204,2025-02-07 00:05:00,32.45159149,31.88761711,,
205,2025-02-07 00:07:00,32.45159149,32.07560857,,
206,2025-02-07 00:11:00,34.29732132,32.6310367575,,
207,2025-02-07 00:13:00,34.7074852,33.046326446,,
208,2025-02-07 00:15:00,35.42526627,33.442816416666666,,
209,2025-02-07 00:17:00,35.11764526,33.68207768,,
210,2025-02-07 00:19:00,36.55321503,34.04096984875,,
211,2025-02-07 00:21:00,36.55321503,34.32010820222222,,
212,2025-02-07 00:27:00,33.57953644,34.246051025999996,,
213,2025-02-07 00:31:00,32.86175156,34.12020562,,
214,2025-02-07 00:35:00,34.29732132,34.13496526166667,,
215,2025-02-07 00:37:00,33.57953644,34.09223996769231,,
216,2025-02-07 00:41:00,36.55321503,34.26802390071428,,
217,2025-02-07 00:45:00,37.98878479,34.516074626666665,,
218,2025-02-07 00:47:00,38.80910873,34.784389258125,,
219,2025-02-07 00:51:00,38.80910873,35.02113746235294,,
220,2025-02-07 00:53:00,37.68115997,35.16891649055555,,
221,2025-02-07 00:55:00,36.96337891,35.26336188105263,,
222,2025-02-07 00:57:00,38.39894485,35.4201410295,,
223,2025-02-07 01:01:00,38.80910873,35.581520443809524,,
224,2025-02-07 01:03:00,39.11672974,35.74221177545454,,
225,2025-02-07 01:05:00,40.2446785,35.93797119826087,,
226,2025-02-07 01:07:00,39.11672974,36.070419470833336,,
227,2025-02-07 01:11:00,40.2446785,36.237389832,,
228,2025-02-07 01:15:00,38.80910873,36.336302097307694,,
229,2025-02-07 01:21:00,40.65483856,36.49624789222222,,
230,2025-02-07 01:27:00,41.78278732,36.685052871785715,,
231,2025-02-07 01:31:00,41.37262344,36.846693236206896,,
232,2025-02-07 01:35:00,41.37262344,36.99755757633333,,
233,2025-02-07 01:37:00,42.80819321,37.18499743548387,,
234,2025-02-07 01:41:00,40.65483856,37.293429970625,,
235,2025-02-07 01:45:00,40.2446785,37.38286174424242,,
236,2025-02-07 01:47:00,39.11672974,37.4338578617647,,
237,2025-02-07 01:51:00,38.80910873,37.473150743714285,,
238,2025-02-07 01:55:00,38.39894485,37.49886724666666,,
239,2025-02-07 01:57:00,41.78278732,37.614648870270265,,
240,2025-02-07 02:01:00,39.83451462,37.84467243486486,,
241,2025-02-07 02:03:00,39.83451462,37.89703670289473,,
242,2025-02-07 02:05:00,39.52689362,38.083228864210525,,
243,2025-02-07 02:07:00,38.80910873,38.25053194947368,,
244,2025-02-07 02:11:00,36.55321503,38.309897573421054,,
245,2025-02-07 02:15:00,36.96337891,38.4488306818919,,
246,2025-02-07 02:17:00,36.14305115,38.4765443545946,,
247,2025-02-07 02:21:00,34.29732132,38.467306455,,
248,2025-02-07 02:23:00,34.7074852,38.36568966432432,,
249,2025-02-07 02:25:00,34.29732132,38.25862733947368,,
250,2025-02-07 02:31:00,33.57953644,38.404488847027025,,
251,2025-02-07 02:35:00,36.14305115,38.45437343702703,,
252,2025-02-07 02:37:00,36.14305115,38.52365761837838,,
253,2025-02-07 02:41:00,33.98970032,38.45437343702703,,
254,2025-02-07 02:43:00,35.42526627,38.37466009052632,,
255,2025-02-07 02:45:00,35.42526627,38.3071990768421,,
256,2025-02-07 02:47:00,36.14305115,38.2370396668421,,
257,2025-02-07 02:51:00,38.39894485,38.226245880526314,,
258,2025-02-07 02:53:00,39.83451462,38.28291310815789,,
259,2025-02-07 02:55:00,40.65483856,38.38005678315789,,
260,2025-02-07 02:57:00,35.11764526,38.293706793947365,,
261,2025-02-07 03:01:00,32.45159149,38.12640370868421,,
262,2025-02-07 03:05:00,33.57953644,37.919499165675674,,
263,2025-02-07 03:07:00,32.86175156,37.75044570135135,,
264,2025-02-07 03:09:00,31.01602173,37.57322401789473,,
